Full Name,Country»,¿,D
,,M,r
,,A,a
,,A,t
,,T,o
,,C,r
,,H,n
,,F,e
,,M,r
,,L,u
0,,,l
1,,,i
2,,,a
3,,,r
4,,,a
5,,,e
6,,,l
7,,,v
8,,,a
9,,,n
0,,,o
1,,,r
2,,,i
3,,,a
4,,,a
5,,,e
6,,,a
7,,,a
8,,,i
9,,,d
0,,,o
1,,,n
2,,,o
3,,,a
4,,,a
5,,,a
6,,,o
7,,,a
8,,,e
9,,,h
0,,,a
1,,,n
2,,,o
3,,,o
4,,,e
5,,,a
6,,,a
7,,,e
8,,,r
9,,,i
0,,,a
1,,,e
2,,,l
3,,,i
4,,,v
5,,,e
6,,,e
7,,,a
8,,,u
9,,,e
0,,,s
1,,,e
2,,,Ã
3,,,o
4,,,e
5,,,a
6,,,a
7,,,a
8,,,i
9,,,l
0,,,o
1,,,o
2,,,a
3,,,y
4,,,o
5,,,r
6,,,a
7,,,i
8,,,i
9,,,a
0,,,i
1,,,n
2,,,e
3,,,a
4,,,a
5,,,a
6,,,i
7,,,i
8,,,a
9,,,a
0,,,a
1,,,b
